interleaving insert - no failed inserts;16;1;120000;0;strong;1;0.028473;4214464.696079;120000;0.000000;0;4214464.696079;0;0.000000;0;0.000000;0;0;0.000000;
interleaving insert - no failed inserts;16;1;120000;0;strong;2;0.027064;4433919.305329;120000;0.000000;0;4433919.305329;0;0.000000;0;0.000000;0;0;0.000000;
interleaving insert - no failed inserts;16;1;120000;0;strong;3;0.026747;4486519.355293;120000;0.000000;0;4486519.355293;0;0.000000;0;0.000000;0;0;0.000000;
interleaving insert - no failed inserts;16;1;120000;0;strong;4;0.026873;4465455.072108;120000;0.000000;0;4465455.072108;0;0.000000;0;0.000000;0;0;0.000000;
interleaving insert - no failed inserts;16;1;120000;0;strong;5;0.027492;4364975.379356;120000;0.000000;0;4364975.379356;0;0.000000;0;0.000000;0;0;0.000000;
interleaving insert - no failed inserts;16;1;120000;0;strong;6;0.027242;4405019.034638;120000;0.000000;0;4405019.034638;0;0.000000;0;0.000000;0;0;0.000000;
interleaving insert - no failed inserts;16;1;120000;0;strong;7;0.027286;4397855.195340;120000;0.000000;0;4397855.195340;0;0.000000;0;0.000000;0;0;0.000000;
interleaving insert - no failed inserts;16;1;120000;0;strong;8;0.027195;4412532.356732;120000;0.000000;0;4412532.356732;0;0.000000;0;0.000000;0;0;0.000000;
interleaving insert - no failed inserts;16;1;120000;0;strong;9;0.026828;4472960.728747;120000;0.000000;0;4472960.728747;0;0.000000;0;0.000000;0;0;0.000000;
interleaving insert - no failed inserts;16;1;120000;0;strong;10;0.026860;4467633.780315;120000;0.000000;0;4467633.780315;0;0.000000;0;0.000000;0;0;0.000000;
interleaving insert - no failed inserts;16;1;120000;0;strong;11;0.027210;4410136.522391;120000;0.000000;0;4410136.522391;0;0.000000;0;0.000000;0;0;0.000000;
interleaving insert - no failed inserts;16;1;120000;0;strong;12;0.026972;4449044.426823;120000;0.000000;0;4449044.426823;0;0.000000;0;0.000000;0;0;0.000000;
interleaving insert - no failed inserts;16;1;120000;0;strong;13;0.026964;4450351.379347;120000;0.000000;0;4450351.379347;0;0.000000;0;0.000000;0;0;0.000000;
interleaving insert - no failed inserts;16;1;120000;0;strong;14;0.027022;4440810.545622;120000;0.000000;0;4440810.545622;0;0.000000;0;0.000000;0;0;0.000000;
interleaving insert - no failed inserts;16;1;120000;0;strong;15;0.026681;4497644.583532;120000;0.000000;0;4497644.583532;0;0.000000;0;0.000000;0;0;0.000000;
interleaving insert - no failed inserts;16;1;120000;0;strong;16;0.027084;4430672.274027;120000;0.000000;0;4430672.274027;0;0.000000;0;0.000000;0;0;0.000000;
interleaving insert - no failed inserts;16;1;120000;0;strong;17;0.026790;4479236.164815;120000;0.000000;0;4479236.164815;0;0.000000;0;0.000000;0;0;0.000000;
interleaving insert - no failed inserts;16;1;120000;0;strong;18;0.027057;4435153.455016;120000;0.000000;0;4435153.455016;0;0.000000;0;0.000000;0;0;0.000000;
interleaving insert - no failed inserts;16;1;120000;0;strong;19;0.026894;4462024.822244;120000;0.000000;0;4462024.822244;0;0.000000;0;0.000000;0;0;0.000000;
interleaving insert - no failed inserts;16;1;120000;0;strong;20;0.027236;4405931.544087;120000;0.000000;0;4405931.544087;0;0.000000;0;0.000000;0;0;0.000000;
interleaving insert - no failed inserts;16;1;120000;0;strong;21;0.027217;4409059.294132;120000;0.000000;0;4409059.294132;0;0.000000;0;0.000000;0;0;0.000000;
interleaving insert - no failed inserts;16;1;120000;0;strong;22;0.027618;4344923.174517;120000;0.000000;0;4344923.174517;0;0.000000;0;0.000000;0;0;0.000000;
interleaving insert - no failed inserts;16;1;120000;0;strong;23;0.027085;4430512.779057;120000;0.000000;0;4430512.779057;0;0.000000;0;0.000000;0;0;0.000000;
interleaving insert - no failed inserts;16;1;120000;0;strong;24;0.027219;4408652.067856;120000;0.000000;0;4408652.067856;0;0.000000;0;0.000000;0;0;0.000000;
interleaving insert - no failed inserts;16;1;120000;0;strong;25;0.027160;4418320.551439;120000;0.000000;0;4418320.551439;0;0.000000;0;0.000000;0;0;0.000000;
interleaving insert - no failed inserts;16;1;120000;0;strong;26;0.027041;4437738.364333;120000;0.000000;0;4437738.364333;0;0.000000;0;0.000000;0;0;0.000000;
interleaving insert - no failed inserts;16;1;120000;0;strong;27;0.027003;4443879.742541;120000;0.000000;0;4443879.742541;0;0.000000;0;0.000000;0;0;0.000000;
interleaving insert - no failed inserts;16;1;120000;0;strong;28;0.026860;4467648.251182;120000;0.000000;0;4467648.251182;0;0.000000;0;0.000000;0;0;0.000000;
interleaving insert - no failed inserts;16;1;120000;0;strong;29;0.027130;4423097.592552;120000;0.000000;0;4423097.592552;0;0.000000;0;0.000000;0;0;0.000000;
interleaving insert - no failed inserts;16;1;120000;0;strong;30;0.027049;4436377.467106;120000;0.000000;0;4436377.467106;0;0.000000;0;0.000000;0;0;0.000000;
interleaving remove - no failed removes;16;1;120000;0;strong;1;0.003982;30138842.110894;0;0.000000;0;0.000000;120000;99.999167;0;30138842.110894;0;0;0.000000;
interleaving remove - no failed removes;16;1;120000;0;strong;2;0.002658;45149070.944993;0;0.000000;0;0.000000;120000;99.999167;0;45149070.944993;0;0;0.000000;
interleaving remove - no failed removes;16;1;120000;0;strong;3;0.002432;49337094.464501;0;0.000000;0;0.000000;120000;99.999167;0;49337094.464501;0;0;0.000000;
interleaving remove - no failed removes;16;1;120000;0;strong;4;0.004811;24941320.347773;0;0.000000;0;0.000000;120000;99.999167;0;24941320.347773;0;0;0.000000;
interleaving remove - no failed removes;16;1;120000;0;strong;5;0.005621;21347606.817643;0;0.000000;0;0.000000;120000;99.999167;0;21347606.817643;0;0;0.000000;
interleaving remove - no failed removes;16;1;120000;0;strong;6;0.002763;43437388.804809;0;0.000000;0;0.000000;120000;99.999167;0;43437388.804809;0;0;0.000000;
interleaving remove - no failed removes;16;1;120000;0;strong;7;0.005011;23948018.431193;0;0.000000;0;0.000000;120000;99.999167;0;23948018.431193;0;0;0.000000;
interleaving remove - no failed removes;16;1;120000;0;strong;8;0.006312;19011205.045827;0;0.000000;0;0.000000;120000;99.999167;0;19011205.045827;0;0;0.000000;
interleaving remove - no failed removes;16;1;120000;0;strong;9;0.003682;32595028.769187;0;0.000000;0;0.000000;120000;99.999167;0;32595028.769187;0;0;0.000000;
interleaving remove - no failed removes;16;1;120000;0;strong;10;0.004439;27033127.746397;0;0.000000;0;0.000000;120000;99.999167;0;27033127.746397;0;0;0.000000;
interleaving remove - no failed removes;16;1;120000;0;strong;11;0.004342;27635900.693154;0;0.000000;0;0.000000;120000;99.999167;0;27635900.693154;0;0;0.000000;
interleaving remove - no failed removes;16;1;120000;0;strong;12;0.002919;41114927.185464;0;0.000000;0;0.000000;120000;99.999167;0;41114927.185464;0;0;0.000000;
interleaving remove - no failed removes;16;1;120000;0;strong;13;0.003759;31927036.080211;0;0.000000;0;0.000000;120000;99.999167;0;31927036.080211;0;0;0.000000;
interleaving remove - no failed removes;16;1;120000;0;strong;14;0.003502;34262406.060334;0;0.000000;0;0.000000;120000;99.999167;0;34262406.060334;0;0;0.000000;
interleaving remove - no failed removes;16;1;120000;0;strong;15;0.004293;27955482.757408;0;0.000000;0;0.000000;120000;99.999167;0;27955482.757408;0;0;0.000000;
interleaving remove - no failed removes;16;1;120000;0;strong;16;0.004739;25322925.329657;0;0.000000;0;0.000000;120000;99.999167;0;25322925.329657;0;0;0.000000;
interleaving remove - no failed removes;16;1;120000;0;strong;17;0.003367;35642057.509054;0;0.000000;0;0.000000;120000;99.999167;0;35642057.509054;0;0;0.000000;
interleaving remove - no failed removes;16;1;120000;0;strong;18;0.005082;23611835.590002;0;0.000000;0;0.000000;120000;99.999167;0;23611835.590002;0;0;0.000000;
interleaving remove - no failed removes;16;1;120000;0;strong;19;0.003920;30612486.986504;0;0.000000;0;0.000000;120000;99.999167;0;30612486.986504;0;0;0.000000;
interleaving remove - no failed removes;16;1;120000;0;strong;20;0.003529;34007609.769479;0;0.000000;0;0.000000;120000;99.999167;0;34007609.769479;0;0;0.000000;
interleaving remove - no failed removes;16;1;120000;0;strong;21;0.004328;27726060.972381;0;0.000000;0;0.000000;120000;99.999167;0;27726060.972381;0;0;0.000000;
interleaving remove - no failed removes;16;1;120000;0;strong;22;0.004263;28152393.598615;0;0.000000;0;0.000000;120000;99.999167;0;28152393.598615;0;0;0.000000;
interleaving remove - no failed removes;16;1;120000;0;strong;23;0.004863;24674025.283474;0;0.000000;0;0.000000;120000;99.999167;0;24674025.283474;0;0;0.000000;
interleaving remove - no failed removes;16;1;120000;0;strong;24;0.004009;29929881.769485;0;0.000000;0;0.000000;120000;99.999167;0;29929881.769485;0;0;0.000000;
interleaving remove - no failed removes;16;1;120000;0;strong;25;0.002956;40592185.868913;0;0.000000;0;0.000000;120000;99.999167;0;40592185.868913;0;0;0.000000;
interleaving remove - no failed removes;16;1;120000;0;strong;26;0.002738;43832414.070205;0;0.000000;0;0.000000;120000;99.999167;0;43832414.070205;0;0;0.000000;
interleaving remove - no failed removes;16;1;120000;0;strong;27;0.004890;24539275.109813;0;0.000000;0;0.000000;120000;99.999167;0;24539275.109813;0;0;0.000000;
interleaving remove - no failed removes;16;1;120000;0;strong;28;0.003617;33175078.991245;0;0.000000;0;0.000000;120000;99.999167;0;33175078.991245;0;0;0.000000;
interleaving remove - no failed removes;16;1;120000;0;strong;29;0.004398;27287896.862665;0;0.000000;0;0.000000;120000;99.999167;0;27287896.862665;0;0;0.000000;
interleaving remove - no failed removes;16;1;120000;0;strong;30;0.004779;25111389.940545;0;0.000000;0;0.000000;120000;99.999167;0;25111389.940545;0;0;0.000000;
mixed workload - 70% insert / 30% remove;16;1;120000;0;strong;1;0.041746;2874534.406272;120000;36.875833;0;2874534.406272;0;0.000000;0;0.000000;0;0;0.000000;
mixed workload - 70% insert / 30% remove;16;1;120000;0;strong;2;0.041397;2898789.979840;120000;36.785833;0;2898789.979840;0;0.000000;0;0.000000;0;0;0.000000;
mixed workload - 70% insert / 30% remove;16;1;120000;0;strong;3;0.041589;2885350.802273;120000;36.715833;0;2885350.802273;0;0.000000;0;0.000000;0;0;0.000000;
mixed workload - 70% insert / 30% remove;16;1;120000;0;strong;4;0.041616;2883492.208948;120000;36.755000;0;2883492.208948;0;0.000000;0;0.000000;0;0;0.000000;
mixed workload - 70% insert / 30% remove;16;1;120000;0;strong;5;0.041493;2892071.018564;120000;36.750833;0;2892071.018564;0;0.000000;0;0.000000;0;0;0.000000;
mixed workload - 70% insert / 30% remove;16;1;120000;0;strong;6;0.041406;2898130.005765;120000;36.835000;0;2898130.005765;0;0.000000;0;0.000000;0;0;0.000000;
mixed workload - 70% insert / 30% remove;16;1;120000;0;strong;7;0.041084;2920844.600187;120000;36.621667;0;2920844.600187;0;0.000000;0;0.000000;0;0;0.000000;
mixed workload - 70% insert / 30% remove;16;1;120000;0;strong;8;0.041613;2883736.538177;120000;36.725000;0;2883736.538177;0;0.000000;0;0.000000;0;0;0.000000;
mixed workload - 70% insert / 30% remove;16;1;120000;0;strong;9;0.041619;2883304.797826;120000;36.854167;0;2883304.797826;0;0.000000;0;0.000000;0;0;0.000000;
mixed workload - 70% insert / 30% remove;16;1;120000;0;strong;10;0.041292;2906143.480760;120000;36.829167;0;2906143.480760;0;0.000000;0;0.000000;0;0;0.000000;
mixed workload - 70% insert / 30% remove;16;1;120000;0;strong;11;0.041122;2918156.223299;120000;36.830000;0;2918156.223299;0;0.000000;0;0.000000;0;0;0.000000;
mixed workload - 70% insert / 30% remove;16;1;120000;0;strong;12;0.041570;2886682.762970;120000;36.795000;0;2886682.762970;0;0.000000;0;0.000000;0;0;0.000000;
mixed workload - 70% insert / 30% remove;16;1;120000;0;strong;13;0.041546;2888382.710517;120000;36.728333;0;2888382.710517;0;0.000000;0;0.000000;0;0;0.000000;
mixed workload - 70% insert / 30% remove;16;1;120000;0;strong;14;0.041901;2863876.717744;120000;36.795833;0;2863876.717744;0;0.000000;0;0.000000;0;0;0.000000;
mixed workload - 70% insert / 30% remove;16;1;120000;0;strong;15;0.041471;2893582.848268;120000;36.770833;0;2893582.848268;0;0.000000;0;0.000000;0;0;0.000000;
mixed workload - 70% insert / 30% remove;16;1;120000;0;strong;16;0.042291;2837504.018911;120000;36.701667;0;2837504.018911;0;0.000000;0;0.000000;0;0;0.000000;
mixed workload - 70% insert / 30% remove;16;1;120000;0;strong;17;0.043322;2769966.344447;120000;36.696667;0;2769966.344447;0;0.000000;0;0.000000;0;0;0.000000;
mixed workload - 70% insert / 30% remove;16;1;120000;0;strong;18;0.042936;2794852.124607;120000;36.675833;0;2794852.124607;0;0.000000;0;0.000000;0;0;0.000000;
mixed workload - 70% insert / 30% remove;16;1;120000;0;strong;19;0.042704;2810038.976646;120000;36.771667;0;2810038.976646;0;0.000000;0;0.000000;0;0;0.000000;
mixed workload - 70% insert / 30% remove;16;1;120000;0;strong;20;0.042611;2816143.693920;120000;36.742500;0;2816143.693920;0;0.000000;0;0.000000;0;0;0.000000;
mixed workload - 70% insert / 30% remove;16;1;120000;0;strong;21;0.042873;2798990.040424;120000;36.840833;0;2798990.040424;0;0.000000;0;0.000000;0;0;0.000000;
mixed workload - 70% insert / 30% remove;16;1;120000;0;strong;22;0.042783;2804882.749239;120000;36.845000;0;2804882.749239;0;0.000000;0;0.000000;0;0;0.000000;
mixed workload - 70% insert / 30% remove;16;1;120000;0;strong;23;0.042849;2800533.996487;120000;36.858333;0;2800533.996487;0;0.000000;0;0.000000;0;0;0.000000;
mixed workload - 70% insert / 30% remove;16;1;120000;0;strong;24;0.043026;2789034.242507;120000;36.858333;0;2789034.242507;0;0.000000;0;0.000000;0;0;0.000000;
mixed workload - 70% insert / 30% remove;16;1;120000;0;strong;25;0.043099;2784268.797765;120000;36.696667;0;2784268.797765;0;0.000000;0;0.000000;0;0;0.000000;
mixed workload - 70% insert / 30% remove;16;1;120000;0;strong;26;0.042564;2819315.629457;120000;36.814167;0;2819315.629457;0;0.000000;0;0.000000;0;0;0.000000;
mixed workload - 70% insert / 30% remove;16;1;120000;0;strong;27;0.043332;2769341.990266;120000;36.750833;0;2769341.990266;0;0.000000;0;0.000000;0;0;0.000000;
mixed workload - 70% insert / 30% remove;16;1;120000;0;strong;28;0.042570;2818911.504102;120000;36.893333;0;2818911.504102;0;0.000000;0;0.000000;0;0;0.000000;
mixed workload - 70% insert / 30% remove;16;1;120000;0;strong;29;0.042502;2823389.570940;120000;36.805000;0;2823389.570940;0;0.000000;0;0.000000;0;0;0.000000;
mixed workload - 70% insert / 30% remove;16;1;120000;0;strong;30;0.042758;2806473.317806;120000;36.743333;0;2806473.317806;0;0.000000;0;0.000000;0;0;0.000000;
mixed workload - 50% insert / 20% remove / 30% search;16;1;120000;0;strong;1;0.042831;2801712.574828;120000;36.706667;0;2801712.574828;0;0.000000;0;0.000000;0;0;0.000000;
mixed workload - 50% insert / 20% remove / 30% search;16;1;120000;0;strong;2;0.043117;2783128.471112;120000;36.742500;0;2783128.471112;0;0.000000;0;0.000000;0;0;0.000000;
mixed workload - 50% insert / 20% remove / 30% search;16;1;120000;0;strong;3;0.043180;2779046.039182;120000;36.676667;0;2779046.039182;0;0.000000;0;0.000000;0;0;0.000000;
mixed workload - 50% insert / 20% remove / 30% search;16;1;120000;0;strong;4;0.043104;2783970.242699;120000;36.810833;0;2783970.242699;0;0.000000;0;0.000000;0;0;0.000000;
mixed workload - 50% insert / 20% remove / 30% search;16;1;120000;0;strong;5;0.043217;2776712.599972;120000;36.825833;0;2776712.599972;0;0.000000;0;0.000000;0;0;0.000000;
mixed workload - 50% insert / 20% remove / 30% search;16;1;120000;0;strong;6;0.042964;2793004.111232;120000;36.845000;0;2793004.111232;0;0.000000;0;0.000000;0;0;0.000000;
mixed workload - 50% insert / 20% remove / 30% search;16;1;120000;0;strong;7;0.042937;2794806.690208;120000;36.884167;0;2794806.690208;0;0.000000;0;0.000000;0;0;0.000000;
mixed workload - 50% insert / 20% remove / 30% search;16;1;120000;0;strong;8;0.043033;2788576.216424;120000;36.960833;0;2788576.216424;0;0.000000;0;0.000000;0;0;0.000000;
mixed workload - 50% insert / 20% remove / 30% search;16;1;120000;0;strong;9;0.043030;2788774.587347;120000;36.862500;0;2788774.587347;0;0.000000;0;0.000000;0;0;0.000000;
mixed workload - 50% insert / 20% remove / 30% search;16;1;120000;0;strong;10;0.042946;2794196.593385;120000;36.904167;0;2794196.593385;0;0.000000;0;0.000000;0;0;0.000000;
mixed workload - 50% insert / 20% remove / 30% search;16;1;120000;0;strong;11;0.043060;2786836.738952;120000;36.736667;0;2786836.738952;0;0.000000;0;0.000000;0;0;0.000000;
mixed workload - 50% insert / 20% remove / 30% search;16;1;120000;0;strong;12;0.042934;2794971.966548;120000;36.918333;0;2794971.966548;0;0.000000;0;0.000000;0;0;0.000000;
mixed workload - 50% insert / 20% remove / 30% search;16;1;120000;0;strong;13;0.043100;2784196.769209;120000;36.788333;0;2784196.769209;0;0.000000;0;0.000000;0;0;0.000000;
mixed workload - 50% insert / 20% remove / 30% search;16;1;120000;0;strong;14;0.042739;2807760.631668;120000;36.880000;0;2807760.631668;0;0.000000;0;0.000000;0;0;0.000000;
mixed workload - 50% insert / 20% remove / 30% search;16;1;120000;0;strong;15;0.042791;2804303.830522;120000;36.853333;0;2804303.830522;0;0.000000;0;0.000000;0;0;0.000000;
mixed workload - 50% insert / 20% remove / 30% search;16;1;120000;0;strong;16;0.043256;2774197.329350;120000;36.795833;0;2774197.329350;0;0.000000;0;0.000000;0;0;0.000000;
mixed workload - 50% insert / 20% remove / 30% search;16;1;120000;0;strong;17;0.043150;2781019.403520;120000;36.739167;0;2781019.403520;0;0.000000;0;0.000000;0;0;0.000000;
mixed workload - 50% insert / 20% remove / 30% search;16;1;120000;0;strong;18;0.043074;2785927.712651;120000;36.777500;0;2785927.712651;0;0.000000;0;0.000000;0;0;0.000000;
mixed workload - 50% insert / 20% remove / 30% search;16;1;120000;0;strong;19;0.043000;2790709.486259;120000;36.745833;0;2790709.486259;0;0.000000;0;0.000000;0;0;0.000000;
mixed workload - 50% insert / 20% remove / 30% search;16;1;120000;0;strong;20;0.043226;2776136.451363;120000;36.769167;0;2776136.451363;0;0.000000;0;0.000000;0;0;0.000000;
mixed workload - 50% insert / 20% remove / 30% search;16;1;120000;0;strong;21;0.042900;2797187.279008;120000;36.740833;0;2797187.279008;0;0.000000;0;0.000000;0;0;0.000000;
mixed workload - 50% insert / 20% remove / 30% search;16;1;120000;0;strong;22;0.042566;2819158.190907;120000;36.847500;0;2819158.190907;0;0.000000;0;0.000000;0;0;0.000000;
mixed workload - 50% insert / 20% remove / 30% search;16;1;120000;0;strong;23;0.042665;2812591.277376;120000;36.807500;0;2812591.277376;0;0.000000;0;0.000000;0;0;0.000000;
mixed workload - 50% insert / 20% remove / 30% search;16;1;120000;0;strong;24;0.043071;2786086.830300;120000;36.734167;0;2786086.830300;0;0.000000;0;0.000000;0;0;0.000000;
mixed workload - 50% insert / 20% remove / 30% search;16;1;120000;0;strong;25;0.043322;2769986.229706;120000;36.887500;0;2769986.229706;0;0.000000;0;0.000000;0;0;0.000000;
mixed workload - 50% insert / 20% remove / 30% search;16;1;120000;0;strong;26;0.042784;2804806.110064;120000;36.655833;0;2804806.110064;0;0.000000;0;0.000000;0;0;0.000000;
mixed workload - 50% insert / 20% remove / 30% search;16;1;120000;0;strong;27;0.043030;2788775.365074;120000;36.828333;0;2788775.365074;0;0.000000;0;0.000000;0;0;0.000000;
mixed workload - 50% insert / 20% remove / 30% search;16;1;120000;0;strong;28;0.042969;2792735.072075;120000;36.799167;0;2792735.072075;0;0.000000;0;0.000000;0;0;0.000000;
mixed workload - 50% insert / 20% remove / 30% search;16;1;120000;0;strong;29;0.043013;2789880.693542;120000;36.886667;0;2789880.693542;0;0.000000;0;0.000000;0;0;0.000000;
mixed workload - 50% insert / 20% remove / 30% search;16;1;120000;0;strong;30;0.042932;2795106.597563;120000;36.925833;0;2795106.597563;0;0.000000;0;0.000000;0;0;0.000000;
interleaving insert - no failed inserts;16;1;120000;0;weak;1;0.027484;4366116.158847;120000;0.000000;0;4366116.158847;0;0.000000;0;0.000000;0;0;0.000000;
interleaving insert - no failed inserts;16;1;120000;0;weak;2;0.027547;4356125.136664;120000;0.000000;0;4356125.136664;0;0.000000;0;0.000000;0;0;0.000000;
interleaving insert - no failed inserts;16;1;120000;0;weak;3;0.026673;4498865.723479;120000;0.000000;0;4498865.723479;0;0.000000;0;0.000000;0;0;0.000000;
interleaving insert - no failed inserts;16;1;120000;0;weak;4;0.026871;4465845.437387;120000;0.000000;0;4465845.437387;0;0.000000;0;0.000000;0;0;0.000000;
interleaving insert - no failed inserts;16;1;120000;0;weak;5;0.026951;4452572.698360;120000;0.000000;0;4452572.698360;0;0.000000;0;0.000000;0;0;0.000000;
interleaving insert - no failed inserts;16;1;120000;0;weak;6;0.027210;4410184.011620;120000;0.000000;0;4410184.011620;0;0.000000;0;0.000000;0;0;0.000000;
interleaving insert - no failed inserts;16;1;120000;0;weak;7;0.027064;4433906.526600;120000;0.000000;0;4433906.526600;0;0.000000;0;0.000000;0;0;0.000000;
interleaving insert - no failed inserts;16;1;120000;0;weak;8;0.027257;4402592.745569;120000;0.000000;0;4402592.745569;0;0.000000;0;0.000000;0;0;0.000000;
interleaving insert - no failed inserts;16;1;120000;0;weak;9;0.027030;4439489.316665;120000;0.000000;0;4439489.316665;0;0.000000;0;0.000000;0;0;0.000000;
interleaving insert - no failed inserts;16;1;120000;0;weak;10;0.026923;4457119.005189;120000;0.000000;0;4457119.005189;0;0.000000;0;0.000000;0;0;0.000000;
interleaving insert - no failed inserts;16;1;120000;0;weak;11;0.028541;4204418.549586;120000;0.000000;0;4204418.549586;0;0.000000;0;0.000000;0;0;0.000000;
interleaving insert - no failed inserts;16;1;120000;0;weak;12;0.027666;4337449.681517;120000;0.000000;0;4337449.681517;0;0.000000;0;0.000000;0;0;0.000000;
interleaving insert - no failed inserts;16;1;120000;0;weak;13;0.027098;4428433.034767;120000;0.000000;0;4428433.034767;0;0.000000;0;0.000000;0;0;0.000000;
interleaving insert - no failed inserts;16;1;120000;0;weak;14;0.027726;4327996.180688;120000;0.000000;0;4327996.180688;0;0.000000;0;0.000000;0;0;0.000000;
interleaving insert - no failed inserts;16;1;120000;0;weak;15;0.027052;4435919.264791;120000;0.000000;0;4435919.264791;0;0.000000;0;0.000000;0;0;0.000000;
interleaving insert - no failed inserts;16;1;120000;0;weak;16;0.027841;4310222.828463;120000;0.000000;0;4310222.828463;0;0.000000;0;0.000000;0;0;0.000000;
interleaving insert - no failed inserts;16;1;120000;0;weak;17;0.027051;4436028.968896;120000;0.000000;0;4436028.968896;0;0.000000;0;0.000000;0;0;0.000000;
interleaving insert - no failed inserts;16;1;120000;0;weak;18;0.027147;4420298.156478;120000;0.000000;0;4420298.156478;0;0.000000;0;0.000000;0;0;0.000000;
interleaving insert - no failed inserts;16;1;120000;0;weak;19;0.027033;4438978.253741;120000;0.000000;0;4438978.253741;0;0.000000;0;0.000000;0;0;0.000000;
interleaving insert - no failed inserts;16;1;120000;0;weak;20;0.027243;4404777.627371;120000;0.000000;0;4404777.627371;0;0.000000;0;0.000000;0;0;0.000000;
interleaving insert - no failed inserts;16;1;120000;0;weak;21;0.026888;4462989.654121;120000;0.000000;0;4462989.654121;0;0.000000;0;0.000000;0;0;0.000000;
interleaving insert - no failed inserts;16;1;120000;0;weak;22;0.026950;4452649.027473;120000;0.000000;0;4452649.027473;0;0.000000;0;0.000000;0;0;0.000000;
interleaving insert - no failed inserts;16;1;120000;0;weak;23;0.027067;4433505.836119;120000;0.000000;0;4433505.836119;0;0.000000;0;0.000000;0;0;0.000000;
interleaving insert - no failed inserts;16;1;120000;0;weak;24;0.027247;4404222.959824;120000;0.000000;0;4404222.959824;0;0.000000;0;0.000000;0;0;0.000000;
interleaving insert - no failed inserts;16;1;120000;0;weak;25;0.026910;4459309.635695;120000;0.000000;0;4459309.635695;0;0.000000;0;0.000000;0;0;0.000000;
interleaving insert - no failed inserts;16;1;120000;0;weak;26;0.027215;4409357.877338;120000;0.000000;0;4409357.877338;0;0.000000;0;0.000000;0;0;0.000000;
interleaving insert - no failed inserts;16;1;120000;0;weak;27;0.027206;4410781.523221;120000;0.000000;0;4410781.523221;0;0.000000;0;0.000000;0;0;0.000000;
interleaving insert - no failed inserts;16;1;120000;0;weak;28;0.026954;4451996.514532;120000;0.000000;0;4451996.514532;0;0.000000;0;0.000000;0;0;0.000000;
interleaving insert - no failed inserts;16;1;120000;0;weak;29;0.027006;4443458.819449;120000;0.000000;0;4443458.819449;0;0.000000;0;0.000000;0;0;0.000000;
interleaving insert - no failed inserts;16;1;120000;0;weak;30;0.027059;4434817.277398;120000;0.000000;0;4434817.277398;0;0.000000;0;0.000000;0;0;0.000000;
interleaving remove - no failed removes;16;1;120000;0;weak;1;0.003474;34539401.253723;0;0.000000;0;0.000000;120000;99.999167;0;34539401.253723;0;0;0.000000;
interleaving remove - no failed removes;16;1;120000;0;weak;2;0.003318;36161526.305702;0;0.000000;0;0.000000;120000;99.999167;0;36161526.305702;0;0;0.000000;
interleaving remove - no failed removes;16;1;120000;0;weak;3;0.003802;31563149.181646;0;0.000000;0;0.000000;120000;99.999167;0;31563149.181646;0;0;0.000000;
interleaving remove - no failed removes;16;1;120000;0;weak;4;0.007038;17049377.839787;0;0.000000;0;0.000000;120000;99.999167;0;17049377.839787;0;0;0.000000;
interleaving remove - no failed removes;16;1;120000;0;weak;5;0.003731;32165562.583731;0;0.000000;0;0.000000;120000;99.999167;0;32165562.583731;0;0;0.000000;
interleaving remove - no failed removes;16;1;120000;0;weak;6;0.004275;28069840.570323;0;0.000000;0;0.000000;120000;99.999167;0;28069840.570323;0;0;0.000000;
interleaving remove - no failed removes;16;1;120000;0;weak;7;0.003955;30342460.176785;0;0.000000;0;0.000000;120000;99.999167;0;30342460.176785;0;0;0.000000;
interleaving remove - no failed removes;16;1;120000;0;weak;8;0.004058;29571691.020186;0;0.000000;0;0.000000;120000;99.999167;0;29571691.020186;0;0;0.000000;
interleaving remove - no failed removes;16;1;120000;0;weak;9;0.003450;34780652.914010;0;0.000000;0;0.000000;120000;99.999167;0;34780652.914010;0;0;0.000000;
interleaving remove - no failed removes;16;1;120000;0;weak;10;0.002999;40006681.115746;0;0.000000;0;0.000000;120000;99.999167;0;40006681.115746;0;0;0.000000;
interleaving remove - no failed removes;16;1;120000;0;weak;11;0.005046;23778917.888820;0;0.000000;0;0.000000;120000;99.999167;0;23778917.888820;0;0;0.000000;
interleaving remove - no failed removes;16;1;120000;0;weak;12;0.003428;35004568.096137;0;0.000000;0;0.000000;120000;99.999167;0;35004568.096137;0;0;0.000000;
interleaving remove - no failed removes;16;1;120000;0;weak;13;0.002981;40258013.609222;0;0.000000;0;0.000000;120000;99.999167;0;40258013.609222;0;0;0.000000;
interleaving remove - no failed removes;16;1;120000;0;weak;14;0.005251;22851236.356622;0;0.000000;0;0.000000;120000;99.999167;0;22851236.356622;0;0;0.000000;
interleaving remove - no failed removes;16;1;120000;0;weak;15;0.004274;28075127.168628;0;0.000000;0;0.000000;120000;99.999167;0;28075127.168628;0;0;0.000000;
interleaving remove - no failed removes;16;1;120000;0;weak;16;0.002391;50187156.270258;0;0.000000;0;0.000000;120000;99.999167;0;50187156.270258;0;0;0.000000;
interleaving remove - no failed removes;16;1;120000;0;weak;17;0.004684;25619599.335086;0;0.000000;0;0.000000;120000;99.999167;0;25619599.335086;0;0;0.000000;
interleaving remove - no failed removes;16;1;120000;0;weak;18;0.005307;22611086.856533;0;0.000000;0;0.000000;120000;99.999167;0;22611086.856533;0;0;0.000000;
interleaving remove - no failed removes;16;1;120000;0;weak;19;0.004402;27262590.545879;0;0.000000;0;0.000000;120000;99.999167;0;27262590.545879;0;0;0.000000;
interleaving remove - no failed removes;16;1;120000;0;weak;20;0.003999;30011246.714706;0;0.000000;0;0.000000;120000;99.999167;0;30011246.714706;0;0;0.000000;
interleaving remove - no failed removes;16;1;120000;0;weak;21;0.003872;30994689.318274;0;0.000000;0;0.000000;120000;99.999167;0;30994689.318274;0;0;0.000000;
interleaving remove - no failed removes;16;1;120000;0;weak;22;0.003704;32399892.432357;0;0.000000;0;0.000000;120000;99.999167;0;32399892.432357;0;0;0.000000;
interleaving remove - no failed removes;16;1;120000;0;weak;23;0.002672;44905524.389874;0;0.000000;0;0.000000;120000;99.999167;0;44905524.389874;0;0;0.000000;
interleaving remove - no failed removes;16;1;120000;0;weak;24;0.003991;30067411.135766;0;0.000000;0;0.000000;120000;99.999167;0;30067411.135766;0;0;0.000000;
interleaving remove - no failed removes;16;1;120000;0;weak;25;0.004331;27708685.656968;0;0.000000;0;0.000000;120000;99.999167;0;27708685.656968;0;0;0.000000;
interleaving remove - no failed removes;16;1;120000;0;weak;26;0.004698;25542920.087910;0;0.000000;0;0.000000;120000;99.999167;0;25542920.087910;0;0;0.000000;
interleaving remove - no failed removes;16;1;120000;0;weak;27;0.003009;39885873.221422;0;0.000000;0;0.000000;120000;99.999167;0;39885873.221422;0;0;0.000000;
interleaving remove - no failed removes;16;1;120000;0;weak;28;0.004620;25972761.066831;0;0.000000;0;0.000000;120000;99.999167;0;25972761.066831;0;0;0.000000;
interleaving remove - no failed removes;16;1;120000;0;weak;29;0.003026;39662039.759212;0;0.000000;0;0.000000;120000;99.999167;0;39662039.759212;0;0;0.000000;
interleaving remove - no failed removes;16;1;120000;0;weak;30;0.004912;24427714.626481;0;0.000000;0;0.000000;120000;99.999167;0;24427714.626481;0;0;0.000000;
mixed workload - 70% insert / 30% remove;16;1;120000;0;weak;1;0.042400;2830204.632521;120000;36.840000;0;2830204.632521;0;0.000000;0;0.000000;0;0;0.000000;
mixed workload - 70% insert / 30% remove;16;1;120000;0;weak;2;0.042350;2833507.424817;120000;36.600000;0;2833507.424817;0;0.000000;0;0.000000;0;0;0.000000;
mixed workload - 70% insert / 30% remove;16;1;120000;0;weak;3;0.042084;2851431.643235;120000;36.855000;0;2851431.643235;0;0.000000;0;0.000000;0;0;0.000000;
mixed workload - 70% insert / 30% remove;16;1;120000;0;weak;4;0.042316;2835795.595570;120000;36.730833;0;2835795.595570;0;0.000000;0;0.000000;0;0;0.000000;
mixed workload - 70% insert / 30% remove;16;1;120000;0;weak;5;0.042171;2845590.977314;120000;36.836667;0;2845590.977314;0;0.000000;0;0.000000;0;0;0.000000;
mixed workload - 70% insert / 30% remove;16;1;120000;0;weak;6;0.042644;2814015.193290;120000;36.740833;0;2814015.193290;0;0.000000;0;0.000000;0;0;0.000000;
mixed workload - 70% insert / 30% remove;16;1;120000;0;weak;7;0.042392;2830689.924999;120000;36.921667;0;2830689.924999;0;0.000000;0;0.000000;0;0;0.000000;
mixed workload - 70% insert / 30% remove;16;1;120000;0;weak;8;0.039083;3070368.234380;120000;36.900833;0;3070368.234380;0;0.000000;0;0.000000;0;0;0.000000;
mixed workload - 70% insert / 30% remove;16;1;120000;0;weak;9;0.036464;3290952.718471;120000;36.710833;0;3290952.718471;0;0.000000;0;0.000000;0;0;0.000000;
mixed workload - 70% insert / 30% remove;16;1;120000;0;weak;10;0.040319;2976266.875898;120000;36.725833;0;2976266.875898;0;0.000000;0;0.000000;0;0;0.000000;
mixed workload - 70% insert / 30% remove;16;1;120000;0;weak;11;0.039824;3013288.375740;120000;36.655833;0;3013288.375740;0;0.000000;0;0.000000;0;0;0.000000;
mixed workload - 70% insert / 30% remove;16;1;120000;0;weak;12;0.042149;2847069.923753;120000;36.811667;0;2847069.923753;0;0.000000;0;0.000000;0;0;0.000000;
mixed workload - 70% insert / 30% remove;16;1;120000;0;weak;13;0.042269;2838962.815218;120000;36.685000;0;2838962.815218;0;0.000000;0;0.000000;0;0;0.000000;
mixed workload - 70% insert / 30% remove;16;1;120000;0;weak;14;0.042572;2818726.302146;120000;36.821667;0;2818726.302146;0;0.000000;0;0.000000;0;0;0.000000;
mixed workload - 70% insert / 30% remove;16;1;120000;0;weak;15;0.042370;2832206.559622;120000;36.675000;0;2832206.559622;0;0.000000;0;0.000000;0;0;0.000000;
mixed workload - 70% insert / 30% remove;16;1;120000;0;weak;16;0.042273;2838724.536463;120000;36.788333;0;2838724.536463;0;0.000000;0;0.000000;0;0;0.000000;
mixed workload - 70% insert / 30% remove;16;1;120000;0;weak;17;0.041852;2867260.463565;120000;36.757500;0;2867260.463565;0;0.000000;0;0.000000;0;0;0.000000;
mixed workload - 70% insert / 30% remove;16;1;120000;0;weak;18;0.042144;2847383.517930;120000;36.705833;0;2847383.517930;0;0.000000;0;0.000000;0;0;0.000000;
mixed workload - 70% insert / 30% remove;16;1;120000;0;weak;19;0.042248;2840396.353641;120000;36.878333;0;2840396.353641;0;0.000000;0;0.000000;0;0;0.000000;
mixed workload - 70% insert / 30% remove;16;1;120000;0;weak;20;0.042289;2837629.089955;120000;36.560000;0;2837629.089955;0;0.000000;0;0.000000;0;0;0.000000;
mixed workload - 70% insert / 30% remove;16;1;120000;0;weak;21;0.042201;2843553.110605;120000;36.706667;0;2843553.110605;0;0.000000;0;0.000000;0;0;0.000000;
mixed workload - 70% insert / 30% remove;16;1;120000;0;weak;22;0.042334;2834599.824661;120000;36.717500;0;2834599.824661;0;0.000000;0;0.000000;0;0;0.000000;
mixed workload - 70% insert / 30% remove;16;1;120000;0;weak;23;0.042121;2848921.344962;120000;36.864167;0;2848921.344962;0;0.000000;0;0.000000;0;0;0.000000;
mixed workload - 70% insert / 30% remove;16;1;120000;0;weak;24;0.042064;2852784.142590;120000;36.856667;0;2852784.142590;0;0.000000;0;0.000000;0;0;0.000000;
mixed workload - 70% insert / 30% remove;16;1;120000;0;weak;25;0.042216;2842492.852019;120000;36.732500;0;2842492.852019;0;0.000000;0;0.000000;0;0;0.000000;
mixed workload - 70% insert / 30% remove;16;1;120000;0;weak;26;0.042341;2834116.671372;120000;36.709167;0;2834116.671372;0;0.000000;0;0.000000;0;0;0.000000;
mixed workload - 70% insert / 30% remove;16;1;120000;0;weak;27;0.042079;2851764.158344;120000;36.866667;0;2851764.158344;0;0.000000;0;0.000000;0;0;0.000000;
mixed workload - 70% insert / 30% remove;16;1;120000;0;weak;28;0.042654;2813343.519512;120000;36.766667;0;2813343.519512;0;0.000000;0;0.000000;0;0;0.000000;
mixed workload - 70% insert / 30% remove;16;1;120000;0;weak;29;0.042264;2839298.676191;120000;36.908333;0;2839298.676191;0;0.000000;0;0.000000;0;0;0.000000;
mixed workload - 70% insert / 30% remove;16;1;120000;0;weak;30;0.042272;2838736.691204;120000;36.738333;0;2838736.691204;0;0.000000;0;0.000000;0;0;0.000000;
mixed workload - 50% insert / 20% remove / 30% search;16;1;120000;0;weak;1;0.043112;2783434.334887;120000;36.890000;0;2783434.334887;0;0.000000;0;0.000000;0;0;0.000000;
mixed workload - 50% insert / 20% remove / 30% search;16;1;120000;0;weak;2;0.043229;2775944.497766;120000;36.755000;0;2775944.497766;0;0.000000;0;0.000000;0;0;0.000000;
mixed workload - 50% insert / 20% remove / 30% search;16;1;120000;0;weak;3;0.042647;2813774.156075;120000;36.752500;0;2813774.156075;0;0.000000;0;0.000000;0;0;0.000000;
mixed workload - 50% insert / 20% remove / 30% search;16;1;120000;0;weak;4;0.042740;2807680.287761;120000;36.570833;0;2807680.287761;0;0.000000;0;0.000000;0;0;0.000000;
mixed workload - 50% insert / 20% remove / 30% search;16;1;120000;0;weak;5;0.042762;2806238.558293;120000;36.859167;0;2806238.558293;0;0.000000;0;0.000000;0;0;0.000000;
mixed workload - 50% insert / 20% remove / 30% search;16;1;120000;0;weak;6;0.043103;2784028.243410;120000;36.699167;0;2784028.243410;0;0.000000;0;0.000000;0;0;0.000000;
mixed workload - 50% insert / 20% remove / 30% search;16;1;120000;0;weak;7;0.042803;2803555.366118;120000;36.881667;0;2803555.366118;0;0.000000;0;0.000000;0;0;0.000000;
mixed workload - 50% insert / 20% remove / 30% search;16;1;120000;0;weak;8;0.043056;2787037.257462;120000;36.782500;0;2787037.257462;0;0.000000;0;0.000000;0;0;0.000000;
mixed workload - 50% insert / 20% remove / 30% search;16;1;120000;0;weak;9;0.043065;2786467.686867;120000;36.861667;0;2786467.686867;0;0.000000;0;0.000000;0;0;0.000000;
mixed workload - 50% insert / 20% remove / 30% search;16;1;120000;0;weak;10;0.043261;2773849.185450;120000;36.717500;0;2773849.185450;0;0.000000;0;0.000000;0;0;0.000000;
mixed workload - 50% insert / 20% remove / 30% search;16;1;120000;0;weak;11;0.043437;2762616.321975;120000;36.777500;0;2762616.321975;0;0.000000;0;0.000000;0;0;0.000000;
mixed workload - 50% insert / 20% remove / 30% search;16;1;120000;0;weak;12;0.043337;2769019.663432;120000;36.824167;0;2769019.663432;0;0.000000;0;0.000000;0;0;0.000000;
mixed workload - 50% insert / 20% remove / 30% search;16;1;120000;0;weak;13;0.042621;2815519.160382;120000;36.939167;0;2815519.160382;0;0.000000;0;0.000000;0;0;0.000000;
mixed workload - 50% insert / 20% remove / 30% search;16;1;120000;0;weak;14;0.042882;2798389.927699;120000;36.641667;0;2798389.927699;0;0.000000;0;0.000000;0;0;0.000000;
mixed workload - 50% insert / 20% remove / 30% search;16;1;120000;0;weak;15;0.043062;2786697.402700;120000;36.651667;0;2786697.402700;0;0.000000;0;0.000000;0;0;0.000000;
mixed workload - 50% insert / 20% remove / 30% search;16;1;120000;0;weak;16;0.042782;2804885.240575;120000;36.883333;0;2804885.240575;0;0.000000;0;0.000000;0;0;0.000000;
mixed workload - 50% insert / 20% remove / 30% search;16;1;120000;0;weak;17;0.042611;2816205.422284;120000;36.782500;0;2816205.422284;0;0.000000;0;0.000000;0;0;0.000000;
mixed workload - 50% insert / 20% remove / 30% search;16;1;120000;0;weak;18;0.043143;2781425.759308;120000;36.775000;0;2781425.759308;0;0.000000;0;0.000000;0;0;0.000000;
mixed workload - 50% insert / 20% remove / 30% search;16;1;120000;0;weak;19;0.042958;2793455.984829;120000;36.916667;0;2793455.984829;0;0.000000;0;0.000000;0;0;0.000000;
mixed workload - 50% insert / 20% remove / 30% search;16;1;120000;0;weak;20;0.043072;2786028.485052;120000;36.785833;0;2786028.485052;0;0.000000;0;0.000000;0;0;0.000000;
mixed workload - 50% insert / 20% remove / 30% search;16;1;120000;0;weak;21;0.043079;2785567.371907;120000;37.058333;0;2785567.371907;0;0.000000;0;0.000000;0;0;0.000000;
mixed workload - 50% insert / 20% remove / 30% search;16;1;120000;0;weak;22;0.043062;2786692.549157;120000;36.902500;0;2786692.549157;0;0.000000;0;0.000000;0;0;0.000000;
mixed workload - 50% insert / 20% remove / 30% search;16;1;120000;0;weak;23;0.042690;2810957.421233;120000;36.764167;0;2810957.421233;0;0.000000;0;0.000000;0;0;0.000000;
mixed workload - 50% insert / 20% remove / 30% search;16;1;120000;0;weak;24;0.042567;2819072.160189;120000;36.748333;0;2819072.160189;0;0.000000;0;0.000000;0;0;0.000000;
mixed workload - 50% insert / 20% remove / 30% search;16;1;120000;0;weak;25;0.042920;2795881.433658;120000;36.905833;0;2795881.433658;0;0.000000;0;0.000000;0;0;0.000000;
mixed workload - 50% insert / 20% remove / 30% search;16;1;120000;0;weak;26;0.042906;2796830.342850;120000;36.829167;0;2796830.342850;0;0.000000;0;0.000000;0;0;0.000000;
mixed workload - 50% insert / 20% remove / 30% search;16;1;120000;0;weak;27;0.043129;2782354.622319;120000;36.825833;0;2782354.622319;0;0.000000;0;0.000000;0;0;0.000000;
mixed workload - 50% insert / 20% remove / 30% search;16;1;120000;0;weak;28;0.043059;2786882.626537;120000;36.683333;0;2786882.626537;0;0.000000;0;0.000000;0;0;0.000000;
mixed workload - 50% insert / 20% remove / 30% search;16;1;120000;0;weak;29;0.042967;2792861.622574;120000;36.783333;0;2792861.622574;0;0.000000;0;0.000000;0;0;0.000000;
mixed workload - 50% insert / 20% remove / 30% search;16;1;120000;0;weak;30;0.043253;2774383.717475;120000;36.851667;0;2774383.717475;0;0.000000;0;0.000000;0;0;0.000000;
interleaving insert - no failed inserts;16;1;120000;10000;strong;1;0.027150;4419949.575005;120000;0.000000;0;4419949.575005;0;0.000000;0;0.000000;0;0;0.000000;
interleaving insert - no failed inserts;16;1;120000;10000;strong;2;0.027145;4420644.187323;120000;0.000000;0;4420644.187323;0;0.000000;0;0.000000;0;0;0.000000;
interleaving insert - no failed inserts;16;1;120000;10000;strong;3;0.026902;4460660.929439;120000;0.000000;0;4460660.929439;0;0.000000;0;0.000000;0;0;0.000000;
interleaving insert - no failed inserts;16;1;120000;10000;strong;4;0.027266;4401080.597319;120000;0.000000;0;4401080.597319;0;0.000000;0;0.000000;0;0;0.000000;
interleaving insert - no failed inserts;16;1;120000;10000;strong;5;0.027156;4418925.639866;120000;0.000000;0;4418925.639866;0;0.000000;0;0.000000;0;0;0.000000;
interleaving insert - no failed inserts;16;1;120000;10000;strong;6;0.027086;4430303.408221;120000;0.000000;0;4430303.408221;0;0.000000;0;0.000000;0;0;0.000000;
interleaving insert - no failed inserts;16;1;120000;10000;strong;7;0.027165;4417417.376073;120000;0.000000;0;4417417.376073;0;0.000000;0;0.000000;0;0;0.000000;
interleaving insert - no failed inserts;16;1;120000;10000;strong;8;0.027503;4363196.077487;120000;0.000000;0;4363196.077487;0;0.000000;0;0.000000;0;0;0.000000;
interleaving insert - no failed inserts;16;1;120000;10000;strong;9;0.027177;4415499.861629;120000;0.000000;0;4415499.861629;0;0.000000;0;0.000000;0;0;0.000000;
interleaving insert - no failed inserts;16;1;120000;10000;strong;10;0.027145;4420695.974481;120000;0.000000;0;4420695.974481;0;0.000000;0;0.000000;0;0;0.000000;
interleaving insert - no failed inserts;16;1;120000;10000;strong;11;0.027505;4362919.258362;120000;0.000000;0;4362919.258362;0;0.000000;0;0.000000;0;0;0.000000;
interleaving insert - no failed inserts;16;1;120000;10000;strong;12;0.027000;4444386.008999;120000;0.000000;0;4444386.008999;0;0.000000;0;0.000000;0;0;0.000000;
interleaving insert - no failed inserts;16;1;120000;10000;strong;13;0.027386;4381861.401578;120000;0.000000;0;4381861.401578;0;0.000000;0;0.000000;0;0;0.000000;
interleaving insert - no failed inserts;16;1;120000;10000;strong;14;0.027143;4420987.666329;120000;0.000000;0;4420987.666329;0;0.000000;0;0.000000;0;0;0.000000;
interleaving insert - no failed inserts;16;1;120000;10000;strong;15;0.027087;4430215.576505;120000;0.000000;0;4430215.576505;0;0.000000;0;0.000000;0;0;0.000000;
interleaving insert - no failed inserts;16;1;120000;10000;strong;16;0.027059;4434707.797103;120000;0.000000;0;4434707.797103;0;0.000000;0;0.000000;0;0;0.000000;
interleaving insert - no failed inserts;16;1;120000;10000;strong;17;0.027196;4412402.882093;120000;0.000000;0;4412402.882093;0;0.000000;0;0.000000;0;0;0.000000;
interleaving insert - no failed inserts;16;1;120000;10000;strong;18;0.027216;4409251.270553;120000;0.000000;0;4409251.270553;0;0.000000;0;0.000000;0;0;0.000000;
interleaving insert - no failed inserts;16;1;120000;10000;strong;19;0.027372;4383962.325981;120000;0.000000;0;4383962.325981;0;0.000000;0;0.000000;0;0;0.000000;
interleaving insert - no failed inserts;16;1;120000;10000;strong;20;0.027224;4407827.316900;120000;0.000000;0;4407827.316900;0;0.000000;0;0.000000;0;0;0.000000;
interleaving insert - no failed inserts;16;1;120000;10000;strong;21;0.026845;4470146.129077;120000;0.000000;0;4470146.129077;0;0.000000;0;0.000000;0;0;0.000000;
interleaving insert - no failed inserts;16;1;120000;10000;strong;22;0.027295;4396413.142374;120000;0.000000;0;4396413.142374;0;0.000000;0;0.000000;0;0;0.000000;
interleaving insert - no failed inserts;16;1;120000;10000;strong;23;0.027431;4374594.165254;120000;0.000000;0;4374594.165254;0;0.000000;0;0.000000;0;0;0.000000;
interleaving insert - no failed inserts;16;1;120000;10000;strong;24;0.027467;4368800.603681;120000;0.000000;0;4368800.603681;0;0.000000;0;0.000000;0;0;0.000000;
interleaving insert - no failed inserts;16;1;120000;10000;strong;25;0.027043;4437386.534640;120000;0.000000;0;4437386.534640;0;0.000000;0;0.000000;0;0;0.000000;
interleaving insert - no failed inserts;16;1;120000;10000;strong;26;0.026979;4447896.836074;120000;0.000000;0;4447896.836074;0;0.000000;0;0.000000;0;0;0.000000;
interleaving insert - no failed inserts;16;1;120000;10000;strong;27;0.027221;4408394.876975;120000;0.000000;0;4408394.876975;0;0.000000;0;0.000000;0;0;0.000000;
interleaving insert - no failed inserts;16;1;120000;10000;strong;28;0.027970;4290264.570963;120000;0.000000;0;4290264.570963;0;0.000000;0;0.000000;0;0;0.000000;
interleaving insert - no failed inserts;16;1;120000;10000;strong;29;0.027765;4321916.510657;120000;0.000000;0;4321916.510657;0;0.000000;0;0.000000;0;0;0.000000;
interleaving insert - no failed inserts;16;1;120000;10000;strong;30;0.027147;4420358.077000;120000;0.000000;0;4420358.077000;0;0.000000;0;0.000000;0;0;0.000000;
interleaving remove - no failed removes;16;1;120000;10000;strong;1;0.003773;31807812.953096;0;0.000000;0;0.000000;120000;99.998333;0;31807812.953096;0;0;0.000000;
interleaving remove - no failed removes;16;1;120000;10000;strong;2;0.003635;33009936.816230;0;0.000000;0;0.000000;120000;99.998333;0;33009936.816230;0;0;0.000000;
interleaving remove - no failed removes;16;1;120000;10000;strong;3;0.004989;24053282.832130;0;0.000000;0;0.000000;120000;99.998333;0;24053282.832130;0;0;0.000000;
interleaving remove - no failed removes;16;1;120000;10000;strong;4;0.003297;36399042.705177;0;0.000000;0;0.000000;120000;99.998333;0;36399042.705177;0;0;0.000000;
interleaving remove - no failed removes;16;1;120000;10000;strong;5;0.003020;39734967.765007;0;0.000000;0;0.000000;120000;99.998333;0;39734967.765007;0;0;0.000000;
interleaving remove - no failed removes;16;1;120000;10000;strong;6;0.004613;26013733.517048;0;0.000000;0;0.000000;120000;99.998333;0;26013733.517048;0;0;0.000000;
interleaving remove - no failed removes;16;1;120000;10000;strong;7;0.003253;36885340.382532;0;0.000000;0;0.000000;120000;99.998333;0;36885340.382532;0;0;0.000000;
interleaving remove - no failed removes;16;1;120000;10000;strong;8;0.004398;27287388.042121;0;0.000000;0;0.000000;120000;99.998333;0;27287388.042121;0;0;0.000000;
interleaving remove - no failed removes;16;1;120000;10000;strong;9;0.005311;22593006.937183;0;0.000000;0;0.000000;120000;99.998333;0;22593006.937183;0;0;0.000000;
interleaving remove - no failed removes;16;1;120000;10000;strong;10;0.003261;36795267.147438;0;0.000000;0;0.000000;120000;99.998333;0;36795267.147438;0;0;0.000000;
interleaving remove - no failed removes;16;1;120000;10000;strong;11;0.004628;25927659.237960;0;0.000000;0;0.000000;120000;99.998333;0;25927659.237960;0;0;0.000000;
interleaving remove - no failed removes;16;1;120000;10000;strong;12;0.002723;44075257.032207;0;0.000000;0;0.000000;120000;99.998333;0;44075257.032207;0;0;0.000000;
interleaving remove - no failed removes;16;1;120000;10000;strong;13;0.003857;31110843.788305;0;0.000000;0;0.000000;120000;99.998333;0;31110843.788305;0;0;0.000000;
interleaving remove - no failed removes;16;1;120000;10000;strong;14;0.004266;28130397.520024;0;0.000000;0;0.000000;120000;99.998333;0;28130397.520024;0;0;0.000000;
interleaving remove - no failed removes;16;1;120000;10000;strong;15;0.003313;36225627.699564;0;0.000000;0;0.000000;120000;99.998333;0;36225627.699564;0;0;0.000000;
interleaving remove - no failed removes;16;1;120000;10000;strong;16;0.004224;28406952.317510;0;0.000000;0;0.000000;120000;99.998333;0;28406952.317510;0;0;0.000000;
interleaving remove - no failed removes;16;1;120000;10000;strong;17;0.003392;35382448.890053;0;0.000000;0;0.000000;120000;99.998333;0;35382448.890053;0;0;0.000000;
interleaving remove - no failed removes;16;1;120000;10000;strong;18;0.003289;36486795.884654;0;0.000000;0;0.000000;120000;99.998333;0;36486795.884654;0;0;0.000000;
interleaving remove - no failed removes;16;1;120000;10000;strong;19;0.003765;31870867.742804;0;0.000000;0;0.000000;120000;99.998333;0;31870867.742804;0;0;0.000000;
interleaving remove - no failed removes;16;1;120000;10000;strong;20;0.003258;36829676.862553;0;0.000000;0;0.000000;120000;99.998333;0;36829676.862553;0;0;0.000000;
interleaving remove - no failed removes;16;1;120000;10000;strong;21;0.004069;29489789.774661;0;0.000000;0;0.000000;120000;99.998333;0;29489789.774661;0;0;0.000000;
interleaving remove - no failed removes;16;1;120000;10000;strong;22;0.004023;29825802.401077;0;0.000000;0;0.000000;120000;99.998333;0;29825802.401077;0;0;0.000000;
interleaving remove - no failed removes;16;1;120000;10000;strong;23;0.004441;27023259.595115;0;0.000000;0;0.000000;120000;99.998333;0;27023259.595115;0;0;0.000000;
interleaving remove - no failed removes;16;1;120000;10000;strong;24;0.003583;33494535.087479;0;0.000000;0;0.000000;120000;99.998333;0;33494535.087479;0;0;0.000000;
interleaving remove - no failed removes;16;1;120000;10000;strong;25;0.005718;20986259.771071;0;0.000000;0;0.000000;120000;99.998333;0;20986259.771071;0;0;0.000000;
interleaving remove - no failed removes;16;1;120000;10000;strong;26;0.005328;22522987.524142;0;0.000000;0;0.000000;120000;99.998333;0;22522987.524142;0;0;0.000000;
interleaving remove - no failed removes;16;1;120000;10000;strong;27;0.003135;38273422.138304;0;0.000000;0;0.000000;120000;99.998333;0;38273422.138304;0;0;0.000000;
interleaving remove - no failed removes;16;1;120000;10000;strong;28;0.005285;22707279.140015;0;0.000000;0;0.000000;120000;99.998333;0;22707279.140015;0;0;0.000000;
interleaving remove - no failed removes;16;1;120000;10000;strong;29;0.003595;33375451.298681;0;0.000000;0;0.000000;120000;99.998333;0;33375451.298681;0;0;0.000000;
interleaving remove - no failed removes;16;1;120000;10000;strong;30;0.003492;34360010.445443;0;0.000000;0;0.000000;120000;99.998333;0;34360010.445443;0;0;0.000000;
mixed workload - 70% insert / 30% remove;16;1;120000;10000;strong;1;0.043449;2761836.610299;120000;39.938333;0;2761836.610299;0;0.000000;0;0.000000;0;0;0.000000;
mixed workload - 70% insert / 30% remove;16;1;120000;10000;strong;2;0.043369;2766955.331587;120000;39.583333;0;2766955.331587;0;0.000000;0;0.000000;0;0;0.000000;
mixed workload - 70% insert / 30% remove;16;1;120000;10000;strong;3;0.042833;2801548.527933;120000;39.764167;0;2801548.527933;0;0.000000;0;0.000000;0;0;0.000000;
mixed workload - 70% insert / 30% remove;16;1;120000;10000;strong;4;0.042855;2800109.166923;120000;39.815833;0;2800109.166923;0;0.000000;0;0.000000;0;0;0.000000;
mixed workload - 70% insert / 30% remove;16;1;120000;10000;strong;5;0.042898;2797342.077452;120000;39.638333;0;2797342.077452;0;0.000000;0;0.000000;0;0;0.000000;
mixed workload - 70% insert / 30% remove;16;1;120000;10000;strong;6;0.043017;2789589.818016;120000;39.937500;0;2789589.818016;0;0.000000;0;0.000000;0;0;0.000000;
mixed workload - 70% insert / 30% remove;16;1;120000;10000;strong;7;0.042808;2803246.505187;120000;39.704167;0;2803246.505187;0;0.000000;0;0.000000;0;0;0.000000;
mixed workload - 70% insert / 30% remove;16;1;120000;10000;strong;8;0.042966;2792919.929360;120000;39.800000;0;2792919.929360;0;0.000000;0;0.000000;0;0;0.000000;
mixed workload - 70% insert / 30% remove;16;1;120000;10000;strong;9;0.043167;2779907.173803;120000;39.615833;0;2779907.173803;0;0.000000;0;0.000000;0;0;0.000000;
mixed workload - 70% insert / 30% remove;16;1;120000;10000;strong;10;0.042641;2814207.894402;120000;39.735000;0;2814207.894402;0;0.000000;0;0.000000;0;0;0.000000;
mixed workload - 70% insert / 30% remove;16;1;120000;10000;strong;11;0.042636;2814526.635085;120000;39.716667;0;2814526.635085;0;0.000000;0;0.000000;0;0;0.000000;
mixed workload - 70% insert / 30% remove;16;1;120000;10000;strong;12;0.043203;2777605.591950;120000;39.575000;0;2777605.591950;0;0.000000;0;0.000000;0;0;0.000000;
mixed workload - 70% insert / 30% remove;16;1;120000;10000;strong;13;0.043104;2783989.166941;120000;39.760000;0;2783989.166941;0;0.000000;0;0.000000;0;0;0.000000;
mixed workload - 70% insert / 30% remove;16;1;120000;10000;strong;14;0.043164;2780113.781253;120000;39.694167;0;2780113.781253;0;0.000000;0;0.000000;0;0;0.000000;
mixed workload - 70% insert / 30% remove;16;1;120000;10000;strong;15;0.043045;2787795.061100;120000;39.915000;0;2787795.061100;0;0.000000;0;0.000000;0;0;0.000000;
mixed workload - 70% insert / 30% remove;16;1;120000;10000;strong;16;0.042710;2809663.425267;120000;39.704167;0;2809663.425267;0;0.000000;0;0.000000;0;0;0.000000;
mixed workload - 70% insert / 30% remove;16;1;120000;10000;strong;17;0.043089;2784948.116649;120000;39.722500;0;2784948.116649;0;0.000000;0;0.000000;0;0;0.000000;
mixed workload - 70% insert / 30% remove;16;1;120000;10000;strong;18;0.042961;2793233.085595;120000;39.688333;0;2793233.085595;0;0.000000;0;0.000000;0;0;0.000000;
mixed workload - 70% insert / 30% remove;16;1;120000;10000;strong;19;0.043580;2753559.141551;120000;39.736667;0;2753559.141551;0;0.000000;0;0.000000;0;0;0.000000;
mixed workload - 70% insert / 30% remove;16;1;120000;10000;strong;20;0.042885;2798156.518522;120000;39.713333;0;2798156.518522;0;0.000000;0;0.000000;0;0;0.000000;
mixed workload - 70% insert / 30% remove;16;1;120000;10000;strong;21;0.042742;2807522.897981;120000;39.739167;0;2807522.897981;0;0.000000;0;0.000000;0;0;0.000000;
mixed workload - 70% insert / 30% remove;16;1;120000;10000;strong;22;0.043053;2787230.230373;120000;39.780833;0;2787230.230373;0;0.000000;0;0.000000;0;0;0.000000;
mixed workload - 70% insert / 30% remove;16;1;120000;10000;strong;23;0.042976;2792244.123111;120000;39.740000;0;2792244.123111;0;0.000000;0;0.000000;0;0;0.000000;
mixed workload - 70% insert / 30% remove;16;1;120000;10000;strong;24;0.042649;2813667.342220;120000;39.651667;0;2813667.342220;0;0.000000;0;0.000000;0;0;0.000000;
mixed workload - 70% insert / 30% remove;16;1;120000;10000;strong;25;0.043224;2776218.147264;120000;39.805000;0;2776218.147264;0;0.000000;0;0.000000;0;0;0.000000;
mixed workload - 70% insert / 30% remove;16;1;120000;10000;strong;26;0.043289;2772048.940801;120000;39.638333;0;2772048.940801;0;0.000000;0;0.000000;0;0;0.000000;
mixed workload - 70% insert / 30% remove;16;1;120000;10000;strong;27;0.043153;2780810.921542;120000;39.518333;0;2780810.921542;0;0.000000;0;0.000000;0;0;0.000000;
mixed workload - 70% insert / 30% remove;16;1;120000;10000;strong;28;0.042665;2812610.988266;120000;39.815833;0;2812610.988266;0;0.000000;0;0.000000;0;0;0.000000;
mixed workload - 70% insert / 30% remove;16;1;120000;10000;strong;29;0.042694;2810714.208336;120000;39.763333;0;2810714.208336;0;0.000000;0;0.000000;0;0;0.000000;
mixed workload - 70% insert / 30% remove;16;1;120000;10000;strong;30;0.043265;2773608.248452;120000;39.540000;0;2773608.248452;0;0.000000;0;0.000000;0;0;0.000000;
mixed workload - 50% insert / 20% remove / 30% search;16;1;120000;10000;strong;1;0.043466;2760794.291561;120000;39.652500;0;2760794.291561;0;0.000000;0;0.000000;0;0;0.000000;
mixed workload - 50% insert / 20% remove / 30% search;16;1;120000;10000;strong;2;0.043783;2740812.903638;120000;39.657500;0;2740812.903638;0;0.000000;0;0.000000;0;0;0.000000;
mixed workload - 50% insert / 20% remove / 30% search;16;1;120000;10000;strong;3;0.044219;2713782.821253;120000;39.817500;0;2713782.821253;0;0.000000;0;0.000000;0;0;0.000000;
mixed workload - 50% insert / 20% remove / 30% search;16;1;120000;10000;strong;4;0.043570;2754170.140651;120000;39.619167;0;2754170.140651;0;0.000000;0;0.000000;0;0;0.000000;
mixed workload - 50% insert / 20% remove / 30% search;16;1;120000;10000;strong;5;0.043129;2782350.429014;120000;39.641667;0;2782350.429014;0;0.000000;0;0.000000;0;0;0.000000;
mixed workload - 50% insert / 20% remove / 30% search;16;1;120000;10000;strong;6;0.043715;2745037.675299;120000;39.712500;0;2745037.675299;0;0.000000;0;0.000000;0;0;0.000000;
mixed workload - 50% insert / 20% remove / 30% search;16;1;120000;10000;strong;7;0.043523;2757167.503923;120000;39.702500;0;2757167.503923;0;0.000000;0;0.000000;0;0;0.000000;
mixed workload - 50% insert / 20% remove / 30% search;16;1;120000;10000;strong;8;0.043761;2742149.386266;120000;39.596667;0;2742149.386266;0;0.000000;0;0.000000;0;0;0.000000;
mixed workload - 50% insert / 20% remove / 30% search;16;1;120000;10000;strong;9;0.043437;2762635.275026;120000;39.703333;0;2762635.275026;0;0.000000;0;0.000000;0;0;0.000000;
mixed workload - 50% insert / 20% remove / 30% search;16;1;120000;10000;strong;10;0.043898;2733612.471615;120000;39.668333;0;2733612.471615;0;0.000000;0;0.000000;0;0;0.000000;
mixed workload - 50% insert / 20% remove / 30% search;16;1;120000;10000;strong;11;0.043714;2745129.357015;120000;39.499167;0;2745129.357015;0;0.000000;0;0.000000;0;0;0.000000;
mixed workload - 50% insert / 20% remove / 30% search;16;1;120000;10000;strong;12;0.043530;2756735.082858;120000;39.712500;0;2756735.082858;0;0.000000;0;0.000000;0;0;0.000000;
mixed workload - 50% insert / 20% remove / 30% search;16;1;120000;10000;strong;13;0.043296;2771625.282914;120000;39.793333;0;2771625.282914;0;0.000000;0;0.000000;0;0;0.000000;
mixed workload - 50% insert / 20% remove / 30% search;16;1;120000;10000;strong;14;0.043796;2739953.668753;120000;39.696667;0;2739953.668753;0;0.000000;0;0.000000;0;0;0.000000;
mixed workload - 50% insert / 20% remove / 30% search;16;1;120000;10000;strong;15;0.043484;2759652.101698;120000;39.775833;0;2759652.101698;0;0.000000;0;0.000000;0;0;0.000000;
mixed workload - 50% insert / 20% remove / 30% search;16;1;120000;10000;strong;16;0.044273;2710462.439225;120000;39.879167;0;2710462.439225;0;0.000000;0;0.000000;0;0;0.000000;
mixed workload - 50% insert / 20% remove / 30% search;16;1;120000;10000;strong;17;0.043837;2737408.105210;120000;39.802500;0;2737408.105210;0;0.000000;0;0.000000;0;0;0.000000;
mixed workload - 50% insert / 20% remove / 30% search;16;1;120000;10000;strong;18;0.043652;2748997.114309;120000;39.817500;0;2748997.114309;0;0.000000;0;0.000000;0;0;0.000000;
mixed workload - 50% insert / 20% remove / 30% search;16;1;120000;10000;strong;19;0.043754;2742624.505611;120000;39.735833;0;2742624.505611;0;0.000000;0;0.000000;0;0;0.000000;
mixed workload - 50% insert / 20% remove / 30% search;16;1;120000;10000;strong;20;0.043195;2778089.026641;120000;39.765000;0;2778089.026641;0;0.000000;0;0.000000;0;0;0.000000;
mixed workload - 50% insert / 20% remove / 30% search;16;1;120000;10000;strong;21;0.043434;2762781.311286;120000;39.777500;0;2762781.311286;0;0.000000;0;0.000000;0;0;0.000000;
mixed workload - 50% insert / 20% remove / 30% search;16;1;120000;10000;strong;22;0.043553;2755276.164430;120000;39.965833;0;2755276.164430;0;0.000000;0;0.000000;0;0;0.000000;
mixed workload - 50% insert / 20% remove / 30% search;16;1;120000;10000;strong;23;0.043400;2764949.117909;120000;39.699167;0;2764949.117909;0;0.000000;0;0.000000;0;0;0.000000;
mixed workload - 50% insert / 20% remove / 30% search;16;1;120000;10000;strong;24;0.043283;2772482.336515;120000;39.904167;0;2772482.336515;0;0.000000;0;0.000000;0;0;0.000000;
mixed workload - 50% insert / 20% remove / 30% search;16;1;120000;10000;strong;25;0.043906;2733111.336365;120000;39.830000;0;2733111.336365;0;0.000000;0;0.000000;0;0;0.000000;
mixed workload - 50% insert / 20% remove / 30% search;16;1;120000;10000;strong;26;0.043758;2742370.097928;120000;39.808333;0;2742370.097928;0;0.000000;0;0.000000;0;0;0.000000;
mixed workload - 50% insert / 20% remove / 30% search;16;1;120000;10000;strong;27;0.043875;2735033.010481;120000;39.797500;0;2735033.010481;0;0.000000;0;0.000000;0;0;0.000000;
mixed workload - 50% insert / 20% remove / 30% search;16;1;120000;10000;strong;28;0.043870;2735355.142214;120000;39.891667;0;2735355.142214;0;0.000000;0;0.000000;0;0;0.000000;
mixed workload - 50% insert / 20% remove / 30% search;16;1;120000;10000;strong;29;0.044158;2717514.810965;120000;39.634167;0;2717514.810965;0;0.000000;0;0.000000;0;0;0.000000;
mixed workload - 50% insert / 20% remove / 30% search;16;1;120000;10000;strong;30;0.043054;2787220.066424;120000;39.632500;0;2787220.066424;0;0.000000;0;0.000000;0;0;0.000000;
interleaving insert - no failed inserts;16;1;120000;10000;weak;1;0.027411;4377790.955739;120000;0.000000;0;4377790.955739;0;0.000000;0;0.000000;0;0;0.000000;
interleaving insert - no failed inserts;16;1;120000;10000;weak;2;0.027440;4373233.464230;120000;0.000000;0;4373233.464230;0;0.000000;0;0.000000;0;0;0.000000;
interleaving insert - no failed inserts;16;1;120000;10000;weak;3;0.028156;4262000.666222;120000;0.000000;0;4262000.666222;0;0.000000;0;0.000000;0;0;0.000000;
interleaving insert - no failed inserts;16;1;120000;10000;weak;4;0.027263;4401613.323331;120000;0.000000;0;4401613.323331;0;0.000000;0;0.000000;0;0;0.000000;
interleaving insert - no failed inserts;16;1;120000;10000;weak;5;0.027511;4361874.007924;120000;0.000000;0;4361874.007924;0;0.000000;0;0.000000;0;0;0.000000;
interleaving insert - no failed inserts;16;1;120000;10000;weak;6;0.026880;4464289.866341;120000;0.000000;0;4464289.866341;0;0.000000;0;0.000000;0;0;0.000000;
interleaving insert - no failed inserts;16;1;120000;10000;weak;7;0.026878;4464578.536159;120000;0.000000;0;4464578.536159;0;0.000000;0;0.000000;0;0;0.000000;
interleaving insert - no failed inserts;16;1;120000;10000;weak;8;0.027761;4322610.545542;120000;0.000000;0;4322610.545542;0;0.000000;0;0.000000;0;0;0.000000;
interleaving insert - no failed inserts;16;1;120000;10000;weak;9;0.027179;4415226.925555;120000;0.000000;0;4415226.925555;0;0.000000;0;0.000000;0;0;0.000000;
interleaving insert - no failed inserts;16;1;120000;10000;weak;10;0.027051;4436107.683704;120000;0.000000;0;4436107.683704;0;0.000000;0;0.000000;0;0;0.000000;
interleaving insert - no failed inserts;16;1;120000;10000;weak;11;0.027214;4409461.734801;120000;0.000000;0;4409461.734801;0;0.000000;0;0.000000;0;0;0.000000;
interleaving insert - no failed inserts;16;1;120000;10000;weak;12;0.027338;4389423.829597;120000;0.000000;0;4389423.829597;0;0.000000;0;0.000000;0;0;0.000000;
interleaving insert - no failed inserts;16;1;120000;10000;weak;13;0.027045;4437122.698977;120000;0.000000;0;4437122.698977;0;0.000000;0;0.000000;0;0;0.000000;
interleaving insert - no failed inserts;16;1;120000;10000;weak;14;0.027479;4366922.989277;120000;0.000000;0;4366922.989277;0;0.000000;0;0.000000;0;0;0.000000;
interleaving insert - no failed inserts;16;1;120000;10000;weak;15;0.027273;4400024.405469;120000;0.000000;0;4400024.405469;0;0.000000;0;0.000000;0;0;0.000000;
interleaving insert - no failed inserts;16;1;120000;10000;weak;16;0.027457;4370523.991591;120000;0.000000;0;4370523.991591;0;0.000000;0;0.000000;0;0;0.000000;
interleaving insert - no failed inserts;16;1;120000;10000;weak;17;0.027182;4414655.818533;120000;0.000000;0;4414655.818533;0;0.000000;0;0.000000;0;0;0.000000;
interleaving insert - no failed inserts;16;1;120000;10000;weak;18;0.026987;4446622.630775;120000;0.000000;0;4446622.630775;0;0.000000;0;0.000000;0;0;0.000000;
interleaving insert - no failed inserts;16;1;120000;10000;weak;19;0.026889;4462815.210033;120000;0.000000;0;4462815.210033;0;0.000000;0;0.000000;0;0;0.000000;
interleaving insert - no failed inserts;16;1;120000;10000;weak;20;0.027319;4392573.680665;120000;0.000000;0;4392573.680665;0;0.000000;0;0.000000;0;0;0.000000;
interleaving insert - no failed inserts;16;1;120000;10000;weak;21;0.027941;4294757.203775;120000;0.000000;0;4294757.203775;0;0.000000;0;0.000000;0;0;0.000000;
interleaving insert - no failed inserts;16;1;120000;10000;weak;22;0.027091;4429543.950766;120000;0.000000;0;4429543.950766;0;0.000000;0;0.000000;0;0;0.000000;
interleaving insert - no failed inserts;16;1;120000;10000;weak;23;0.027424;4375806.356274;120000;0.000000;0;4375806.356274;0;0.000000;0;0.000000;0;0;0.000000;
interleaving insert - no failed inserts;16;1;120000;10000;weak;24;0.027894;4302022.176279;120000;0.000000;0;4302022.176279;0;0.000000;0;0.000000;0;0;0.000000;
interleaving insert - no failed inserts;16;1;120000;10000;weak;25;0.027680;4335290.343607;120000;0.000000;0;4335290.343607;0;0.000000;0;0.000000;0;0;0.000000;
interleaving insert - no failed inserts;16;1;120000;10000;weak;26;0.027075;4432154.735977;120000;0.000000;0;4432154.735977;0;0.000000;0;0.000000;0;0;0.000000;
interleaving insert - no failed inserts;16;1;120000;10000;weak;27;0.027147;4420440.307534;120000;0.000000;0;4420440.307534;0;0.000000;0;0.000000;0;0;0.000000;
interleaving insert - no failed inserts;16;1;120000;10000;weak;28;0.027385;4381983.649504;120000;0.000000;0;4381983.649504;0;0.000000;0;0.000000;0;0;0.000000;
interleaving insert - no failed inserts;16;1;120000;10000;weak;29;0.026820;4474300.790762;120000;0.000000;0;4474300.790762;0;0.000000;0;0.000000;0;0;0.000000;
interleaving insert - no failed inserts;16;1;120000;10000;weak;30;0.027361;4385813.909477;120000;0.000000;0;4385813.909477;0;0.000000;0;0.000000;0;0;0.000000;
interleaving remove - no failed removes;16;1;120000;10000;weak;1;0.004158;28857391.580375;0;0.000000;0;0.000000;120000;99.998333;0;28857391.580375;0;0;0.000000;
interleaving remove - no failed removes;16;1;120000;10000;weak;2;0.004842;24784555.091419;0;0.000000;0;0.000000;120000;99.998333;0;24784555.091419;0;0;0.000000;
interleaving remove - no failed removes;16;1;120000;10000;weak;3;0.003978;30166739.108739;0;0.000000;0;0.000000;120000;99.998333;0;30166739.108739;0;0;0.000000;
interleaving remove - no failed removes;16;1;120000;10000;weak;4;0.003122;38438192.187758;0;0.000000;0;0.000000;120000;99.998333;0;38438192.187758;0;0;0.000000;
interleaving remove - no failed removes;16;1;120000;10000;weak;5;0.003962;30285891.241850;0;0.000000;0;0.000000;120000;99.998333;0;30285891.241850;0;0;0.000000;
interleaving remove - no failed removes;16;1;120000;10000;weak;6;0.004399;27276025.192137;0;0.000000;0;0.000000;120000;99.998333;0;27276025.192137;0;0;0.000000;
interleaving remove - no failed removes;16;1;120000;10000;weak;7;0.004444;26999674.653920;0;0.000000;0;0.000000;120000;99.998333;0;26999674.653920;0;0;0.000000;
interleaving remove - no failed removes;16;1;120000;10000;weak;8;0.003292;36448616.866111;0;0.000000;0;0.000000;120000;99.998333;0;36448616.866111;0;0;0.000000;
interleaving remove - no failed removes;16;1;120000;10000;weak;9;0.003396;35333837.036810;0;0.000000;0;0.000000;120000;99.998333;0;35333837.036810;0;0;0.000000;
interleaving remove - no failed removes;16;1;120000;10000;weak;10;0.003032;39578228.016768;0;0.000000;0;0.000000;120000;99.998333;0;39578228.016768;0;0;0.000000;
interleaving remove - no failed removes;16;1;120000;10000;weak;11;0.006517;18414490.853906;0;0.000000;0;0.000000;120000;99.998333;0;18414490.853906;0;0;0.000000;
interleaving remove - no failed removes;16;1;120000;10000;weak;12;0.004462;26894125.224874;0;0.000000;0;0.000000;120000;99.998333;0;26894125.224874;0;0;0.000000;
interleaving remove - no failed removes;16;1;120000;10000;weak;13;0.004566;26279090.953686;0;0.000000;0;0.000000;120000;99.998333;0;26279090.953686;0;0;0.000000;
interleaving remove - no failed removes;16;1;120000;10000;weak;14;0.003928;30553452.883902;0;0.000000;0;0.000000;120000;99.998333;0;30553452.883902;0;0;0.000000;
interleaving remove - no failed removes;16;1;120000;10000;weak;15;0.003710;32342520.226204;0;0.000000;0;0.000000;120000;99.998333;0;32342520.226204;0;0;0.000000;
interleaving remove - no failed removes;16;1;120000;10000;weak;16;0.005841;20543344.059242;0;0.000000;0;0.000000;120000;99.998333;0;20543344.059242;0;0;0.000000;
interleaving remove - no failed removes;16;1;120000;10000;weak;17;0.003829;31339120.624275;0;0.000000;0;0.000000;120000;99.998333;0;31339120.624275;0;0;0.000000;
interleaving remove - no failed removes;16;1;120000;10000;weak;18;0.004970;24144232.818008;0;0.000000;0;0.000000;120000;99.998333;0;24144232.818008;0;0;0.000000;
interleaving remove - no failed removes;16;1;120000;10000;weak;19;0.003386;35443365.489327;0;0.000000;0;0.000000;120000;99.998333;0;35443365.489327;0;0;0.000000;
interleaving remove - no failed removes;16;1;120000;10000;weak;20;0.004392;27320843.002825;0;0.000000;0;0.000000;120000;99.998333;0;27320843.002825;0;0;0.000000;
interleaving remove - no failed removes;16;1;120000;10000;weak;21;0.006341;18924292.736099;0;0.000000;0;0.000000;120000;99.998333;0;18924292.736099;0;0;0.000000;
interleaving remove - no failed removes;16;1;120000;10000;weak;22;0.005153;23287125.208274;0;0.000000;0;0.000000;120000;99.998333;0;23287125.208274;0;0;0.000000;
interleaving remove - no failed removes;16;1;120000;10000;weak;23;0.003229;37161021.804230;0;0.000000;0;0.000000;120000;99.998333;0;37161021.804230;0;0;0.000000;
interleaving remove - no failed removes;16;1;120000;10000;weak;24;0.003464;34640982.302788;0;0.000000;0;0.000000;120000;99.998333;0;34640982.302788;0;0;0.000000;
interleaving remove - no failed removes;16;1;120000;10000;weak;25;0.004640;25861957.491563;0;0.000000;0;0.000000;120000;99.998333;0;25861957.491563;0;0;0.000000;
interleaving remove - no failed removes;16;1;120000;10000;weak;26;0.003109;38601866.142882;0;0.000000;0;0.000000;120000;99.998333;0;38601866.142882;0;0;0.000000;
interleaving remove - no failed removes;16;1;120000;10000;weak;27;0.003890;30847599.491220;0;0.000000;0;0.000000;120000;99.998333;0;30847599.491220;0;0;0.000000;
interleaving remove - no failed removes;16;1;120000;10000;weak;28;0.004925;24365526.759338;0;0.000000;0;0.000000;120000;99.998333;0;24365526.759338;0;0;0.000000;
interleaving remove - no failed removes;16;1;120000;10000;weak;29;0.004298;27918371.335278;0;0.000000;0;0.000000;120000;99.998333;0;27918371.335278;0;0;0.000000;
interleaving remove - no failed removes;16;1;120000;10000;weak;30;0.003865;31050163.090982;0;0.000000;0;0.000000;120000;99.998333;0;31050163.090982;0;0;0.000000;
mixed workload - 70% insert / 30% remove;16;1;120000;10000;weak;1;0.043435;2762752.751587;120000;39.746667;0;2762752.751587;0;0.000000;0;0.000000;0;0;0.000000;
mixed workload - 70% insert / 30% remove;16;1;120000;10000;weak;2;0.043470;2760543.360510;120000;39.835000;0;2760543.360510;0;0.000000;0;0.000000;0;0;0.000000;
mixed workload - 70% insert / 30% remove;16;1;120000;10000;weak;3;0.043010;2790063.227018;120000;39.830000;0;2790063.227018;0;0.000000;0;0.000000;0;0;0.000000;
mixed workload - 70% insert / 30% remove;16;1;120000;10000;weak;4;0.043103;2784003.505617;120000;39.703333;0;2784003.505617;0;0.000000;0;0.000000;0;0;0.000000;
mixed workload - 70% insert / 30% remove;16;1;120000;10000;weak;5;0.043059;2786847.547316;120000;39.799167;0;2786847.547316;0;0.000000;0;0.000000;0;0;0.000000;
mixed workload - 70% insert / 30% remove;16;1;120000;10000;weak;6;0.042798;2803843.658425;120000;39.860833;0;2803843.658425;0;0.000000;0;0.000000;0;0;0.000000;
mixed workload - 70% insert / 30% remove;16;1;120000;10000;weak;7;0.042996;2790951.586107;120000;39.797500;0;2790951.586107;0;0.000000;0;0.000000;0;0;0.000000;
mixed workload - 70% insert / 30% remove;16;1;120000;10000;weak;8;0.042346;2833829.950224;120000;39.601667;0;2833829.950224;0;0.000000;0;0.000000;0;0;0.000000;
mixed workload - 70% insert / 30% remove;16;1;120000;10000;weak;9;0.042568;2819016.464889;120000;39.810833;0;2819016.464889;0;0.000000;0;0.000000;0;0;0.000000;
mixed workload - 70% insert / 30% remove;16;1;120000;10000;weak;10;0.042707;2809836.253280;120000;39.524167;0;2809836.253280;0;0.000000;0;0.000000;0;0;0.000000;
mixed workload - 70% insert / 30% remove;16;1;120000;10000;weak;11;0.042908;2796685.573349;120000;39.637500;0;2796685.573349;0;0.000000;0;0.000000;0;0;0.000000;
mixed workload - 70% insert / 30% remove;16;1;120000;10000;weak;12;0.042822;2802278.317659;120000;39.639167;0;2802278.317659;0;0.000000;0;0.000000;0;0;0.000000;
mixed workload - 70% insert / 30% remove;16;1;120000;10000;weak;13;0.042756;2806602.101097;120000;39.671667;0;2806602.101097;0;0.000000;0;0.000000;0;0;0.000000;
mixed workload - 70% insert / 30% remove;16;1;120000;10000;weak;14;0.042799;2803824.790858;120000;39.862500;0;2803824.790858;0;0.000000;0;0.000000;0;0;0.000000;
mixed workload - 70% insert / 30% remove;16;1;120000;10000;weak;15;0.043043;2787935.802574;120000;39.840000;0;2787935.802574;0;0.000000;0;0.000000;0;0;0.000000;
mixed workload - 70% insert / 30% remove;16;1;120000;10000;weak;16;0.043030;2788769.208084;120000;39.746667;0;2788769.208084;0;0.000000;0;0.000000;0;0;0.000000;
mixed workload - 70% insert / 30% remove;16;1;120000;10000;weak;17;0.043220;2776461.272391;120000;39.496667;0;2776461.272391;0;0.000000;0;0.000000;0;0;0.000000;
mixed workload - 70% insert / 30% remove;16;1;120000;10000;weak;18;0.042930;2795220.340930;120000;39.735000;0;2795220.340930;0;0.000000;0;0.000000;0;0;0.000000;
mixed workload - 70% insert / 30% remove;16;1;120000;10000;weak;19;0.042801;2803641.500417;120000;39.774167;0;2803641.500417;0;0.000000;0;0.000000;0;0;0.000000;
mixed workload - 70% insert / 30% remove;16;1;120000;10000;weak;20;0.042857;2799987.642721;120000;39.737500;0;2799987.642721;0;0.000000;0;0.000000;0;0;0.000000;
mixed workload - 70% insert / 30% remove;16;1;120000;10000;weak;21;0.042608;2816398.555694;120000;39.694167;0;2816398.555694;0;0.000000;0;0.000000;0;0;0.000000;
mixed workload - 70% insert / 30% remove;16;1;120000;10000;weak;22;0.043117;2783118.207959;120000;39.513333;0;2783118.207959;0;0.000000;0;0.000000;0;0;0.000000;
mixed workload - 70% insert / 30% remove;16;1;120000;10000;weak;23;0.043107;2783747.756821;120000;39.788333;0;2783747.756821;0;0.000000;0;0.000000;0;0;0.000000;
mixed workload - 70% insert / 30% remove;16;1;120000;10000;weak;24;0.042648;2813747.567310;120000;39.675000;0;2813747.567310;0;0.000000;0;0.000000;0;0;0.000000;
mixed workload - 70% insert / 30% remove;16;1;120000;10000;weak;25;0.042324;2835294.415909;120000;39.714167;0;2835294.415909;0;0.000000;0;0.000000;0;0;0.000000;
mixed workload - 70% insert / 30% remove;16;1;120000;10000;weak;26;0.042580;2818208.766236;120000;39.636667;0;2818208.766236;0;0.000000;0;0.000000;0;0;0.000000;
mixed workload - 70% insert / 30% remove;16;1;120000;10000;weak;27;0.043148;2781128.522624;120000;39.690000;0;2781128.522624;0;0.000000;0;0.000000;0;0;0.000000;
mixed workload - 70% insert / 30% remove;16;1;120000;10000;weak;28;0.042875;2798852.293299;120000;39.560833;0;2798852.293299;0;0.000000;0;0.000000;0;0;0.000000;
mixed workload - 70% insert / 30% remove;16;1;120000;10000;weak;29;0.042861;2799733.978610;120000;39.507500;0;2799733.978610;0;0.000000;0;0.000000;0;0;0.000000;
mixed workload - 70% insert / 30% remove;16;1;120000;10000;weak;30;0.042880;2798506.875313;120000;39.459167;0;2798506.875313;0;0.000000;0;0.000000;0;0;0.000000;
mixed workload - 50% insert / 20% remove / 30% search;16;1;120000;10000;weak;1;0.041740;2874918.202588;120000;39.925000;0;2874918.202588;0;0.000000;0;0.000000;0;0;0.000000;
mixed workload - 50% insert / 20% remove / 30% search;16;1;120000;10000;weak;2;0.042371;2832124.877449;120000;39.695000;0;2832124.877449;0;0.000000;0;0.000000;0;0;0.000000;
mixed workload - 50% insert / 20% remove / 30% search;16;1;120000;10000;weak;3;0.041588;2885455.287935;120000;39.690833;0;2885455.287935;0;0.000000;0;0.000000;0;0;0.000000;
mixed workload - 50% insert / 20% remove / 30% search;16;1;120000;10000;weak;4;0.042174;2845328.173868;120000;39.640000;0;2845328.173868;0;0.000000;0;0.000000;0;0;0.000000;
mixed workload - 50% insert / 20% remove / 30% search;16;1;120000;10000;weak;5;0.042499;2823570.004736;120000;39.849167;0;2823570.004736;0;0.000000;0;0.000000;0;0;0.000000;
mixed workload - 50% insert / 20% remove / 30% search;16;1;120000;10000;weak;6;0.041372;2900484.240678;120000;39.687500;0;2900484.240678;0;0.000000;0;0.000000;0;0;0.000000;
mixed workload - 50% insert / 20% remove / 30% search;16;1;120000;10000;weak;7;0.041878;2865450.343489;120000;39.856667;0;2865450.343489;0;0.000000;0;0.000000;0;0;0.000000;
mixed workload - 50% insert / 20% remove / 30% search;16;1;120000;10000;weak;8;0.041571;2886595.200343;120000;39.895000;0;2886595.200343;0;0.000000;0;0.000000;0;0;0.000000;
mixed workload - 50% insert / 20% remove / 30% search;16;1;120000;10000;weak;9;0.041900;2863959.148105;120000;39.690000;0;2863959.148105;0;0.000000;0;0.000000;0;0;0.000000;
mixed workload - 50% insert / 20% remove / 30% search;16;1;120000;10000;weak;10;0.041732;2875457.742920;120000;39.695833;0;2875457.742920;0;0.000000;0;0.000000;0;0;0.000000;
mixed workload - 50% insert / 20% remove / 30% search;16;1;120000;10000;weak;11;0.041860;2866679.617688;120000;39.704167;0;2866679.617688;0;0.000000;0;0.000000;0;0;0.000000;
mixed workload - 50% insert / 20% remove / 30% search;16;1;120000;10000;weak;12;0.042037;2854608.508522;120000;39.749167;0;2854608.508522;0;0.000000;0;0.000000;0;0;0.000000;
mixed workload - 50% insert / 20% remove / 30% search;16;1;120000;10000;weak;13;0.041359;2901399.071557;120000;39.740000;0;2901399.071557;0;0.000000;0;0.000000;0;0;0.000000;
mixed workload - 50% insert / 20% remove / 30% search;16;1;120000;10000;weak;14;0.041706;2877282.533248;120000;39.778333;0;2877282.533248;0;0.000000;0;0.000000;0;0;0.000000;
mixed workload - 50% insert / 20% remove / 30% search;16;1;120000;10000;weak;15;0.041780;2872207.104706;120000;39.925000;0;2872207.104706;0;0.000000;0;0.000000;0;0;0.000000;
mixed workload - 50% insert / 20% remove / 30% search;16;1;120000;10000;weak;16;0.041554;2887814.889140;120000;39.821667;0;2887814.889140;0;0.000000;0;0.000000;0;0;0.000000;
mixed workload - 50% insert / 20% remove / 30% search;16;1;120000;10000;weak;17;0.042051;2853690.774591;120000;39.711667;0;2853690.774591;0;0.000000;0;0.000000;0;0;0.000000;
mixed workload - 50% insert / 20% remove / 30% search;16;1;120000;10000;weak;18;0.041829;2868816.206899;120000;39.691667;0;2868816.206899;0;0.000000;0;0.000000;0;0;0.000000;
mixed workload - 50% insert / 20% remove / 30% search;16;1;120000;10000;weak;19;0.041864;2866429.337465;120000;39.688333;0;2866429.337465;0;0.000000;0;0.000000;0;0;0.000000;
mixed workload - 50% insert / 20% remove / 30% search;16;1;120000;10000;weak;20;0.042320;2835557.647147;120000;39.739167;0;2835557.647147;0;0.000000;0;0.000000;0;0;0.000000;
mixed workload - 50% insert / 20% remove / 30% search;16;1;120000;10000;weak;21;0.041819;2869513.878045;120000;39.627500;0;2869513.878045;0;0.000000;0;0.000000;0;0;0.000000;
mixed workload - 50% insert / 20% remove / 30% search;16;1;120000;10000;weak;22;0.041826;2869030.411412;120000;39.812500;0;2869030.411412;0;0.000000;0;0.000000;0;0;0.000000;
mixed workload - 50% insert / 20% remove / 30% search;16;1;120000;10000;weak;23;0.041545;2888425.884917;120000;39.719167;0;2888425.884917;0;0.000000;0;0.000000;0;0;0.000000;
mixed workload - 50% insert / 20% remove / 30% search;16;1;120000;10000;weak;24;0.041812;2869990.025828;120000;39.709167;0;2869990.025828;0;0.000000;0;0.000000;0;0;0.000000;
mixed workload - 50% insert / 20% remove / 30% search;16;1;120000;10000;weak;25;0.041586;2885560.960746;120000;39.898333;0;2885560.960746;0;0.000000;0;0.000000;0;0;0.000000;
mixed workload - 50% insert / 20% remove / 30% search;16;1;120000;10000;weak;26;0.042010;2856480.289739;120000;39.631667;0;2856480.289739;0;0.000000;0;0.000000;0;0;0.000000;
mixed workload - 50% insert / 20% remove / 30% search;16;1;120000;10000;weak;27;0.041975;2858855.039039;120000;39.864167;0;2858855.039039;0;0.000000;0;0.000000;0;0;0.000000;
mixed workload - 50% insert / 20% remove / 30% search;16;1;120000;10000;weak;28;0.041508;2891039.538555;120000;39.700833;0;2891039.538555;0;0.000000;0;0.000000;0;0;0.000000;
mixed workload - 50% insert / 20% remove / 30% search;16;1;120000;10000;weak;29;0.041661;2880381.155077;120000;39.727500;0;2880381.155077;0;0.000000;0;0.000000;0;0;0.000000;
mixed workload - 50% insert / 20% remove / 30% search;16;1;120000;10000;weak;30;0.042143;2847432.164318;120000;39.575833;0;2847432.164318;0;0.000000;0;0.000000;0;0;0.000000;
